"date","keyword","platform","metric","author"
"2025-03-05T08:00:32Z","7 Best AI Tools You NEED to Try in 2025 (Free &amp; Powerful!) 💡","YouTube","0","Kevin Stratvert"
"2024-12-03T17:01:38Z","120 mind blowing AI tools #productivity #aitools #ai","YouTube","0","SetupsAI"
"2025-03-06T04:40:48Z","Best Free AI Tools for Research Papers &amp; Essays | Write Smarter!","YouTube","0","Alamin"
"2025-07-01T00:30:24Z","AI Tools You NEED in 2025","YouTube","0","Sajjaad Khader"
"2025-06-30T12:00:39Z","Which AI Tools Are Worth Your Money?","YouTube","0","Tina Huang"
"2025-03-14T11:30:45Z","BEST AI TOOLS TO USE IN 2025!🔥","YouTube","0","Ishan Sharma"
"2023-05-18T16:08:40Z","Best 12 AI Tools in 2023","YouTube","0","LKLogic"
"2025-03-02T16:04:57Z","Best 5 Free AI Tools in 2025 | Must-Try AI Software for Productivity &amp; Creativity","YouTube","0","Alamin"
"2025-07-13T16:37:23Z","(SELECTED BY AI) Top 10 AI tools 🤖. #chatgpt #technology","YouTube","0","FactNest SHORTS"
"2024-12-22T13:30:29Z","9 AI Tools You MUST Be Using in 2025.","YouTube","0","Ishan Sharma"
