"Script","Status","Timestamp"
"ai_content.py","Success","2025-07-13T14:55:03"
"constants.py","Success","2025-07-13T14:55:04"
"cost_manager.py","Success","2025-07-13T14:55:05"
"enforce_schema.py","Success","2025-07-13T14:55:06"
"load_api_key.py","Success","2025-07-13T14:55:07"
"orchestrator.py","Success","2025-07-13T14:55:08"
"reddit_test.py","Success","2025-07-13T14:55:12"
"storage_manager.py","Success","2025-07-13T14:55:13"
"tests_content.py","Success","2025-07-13T14:55:14"
"test_ai_content.py","Success","2025-07-13T14:55:15"
"test_budget.py","Success","2025-07-13T14:55:16"
"test_content.py","Success","2025-07-13T14:55:17"
"test_reddit.py","Success","2025-07-13T14:55:20"
"test_scrapers.py","Success","2025-07-13T14:55:21"
"test_storage.py","Success","2025-07-13T14:55:22"
"test_storage_manager.py","Success","2025-07-13T14:55:23"
"test_trends_scraper.py","Success","2025-07-13T14:55:30"
"tiktok_find_xhr.py","Success","2025-07-13T14:55:59"
"tiktok_xhr_scraper.py","Success","2025-07-13T14:56:02"
"trends_scraper.py","Success","2025-07-13T14:56:08"
"vault_manager.py","Success","2025-07-13T14:56:09"
