Filename,Phase,Module,Status,Folder,Is Placeholder,Is Implemented
11A_automation_flow_breakpoint_map_READY.py,11,SCRIPTS,READY,scripts/phase11\module_A,No,Yes
11A_missing_module_detector_READY.py,11,SCRIPTS,READY,scripts/phase11\module_A,No,Yes
11A_script_health_verifier_READY.py,11,SCRIPTS,READY,scripts/phase11\module_A,No,Yes
11AA_failure_memory_builder_READY.py,11,SCRIPTS,READY,scripts/phase11\module_AA,No,Yes
11AA_risk_adaptive_agent_tuner_READY.py,11,SCRIPTS,READY,scripts/phase11\module_AA,No,Yes
11AA_self_healing_loop_generator_READY.py,11,SCRIPTS,READY,scripts/phase11\module_AA,No,Yes
11AB_agent_identity_vault_READY.py,11,SCRIPTS,READY,scripts/phase11\module_AB,No,Yes
11AB_agent_signature_validator_READY.py,11,SCRIPTS,READY,scripts/phase11\module_AB,No,Yes
11AB_zero_trust_access_policy_engine_READY.py,11,SCRIPTS,READY,scripts/phase11\module_AB,No,Yes
11B_api_key_leak_checker_READY.py,11,SCRIPTS,READY,scripts/phase11\module_B,No,Yes
11B_credential_vault_manager_READY.py,11,SCRIPTS,READY,scripts/phase11\module_B,No,Yes
11B_rate_limit_stress_test_READY.py,11,SCRIPTS,READY,scripts/phase11\module_B,No,Yes
11C_corruption_recovery_agent_READY.py,11,SCRIPTS,READY,scripts/phase11\module_C,No,Yes
11C_data_quality_validator_READY.py,11,SCRIPTS,READY,scripts/phase11\module_C,No,Yes
11C_fail_safe_backup_system_READY.py,11,SCRIPTS,READY,scripts/phase11\module_C,No,Yes
11D_deployment_readiness_auditor_READY.py,11,SCRIPTS,READY,scripts/phase11\module_D,No,Yes
11D_failpoint_injection_simulator_READY.py,11,SCRIPTS,READY,scripts/phase11\module_D,No,Yes
11D_orchestration_consistency_check_READY.py,11,SCRIPTS,READY,scripts/phase11\module_D,No,Yes
11E_api_health_checker_READY.py,11,SCRIPTS,READY,scripts/phase11\module_E,No,Yes
11E_bottleneck_profiler_READY.py,11,SCRIPTS,READY,scripts/phase11\module_E,No,Yes
11E_broken_script_detector_READY.py,11,SCRIPTS,READY,scripts/phase11\module_E,No,Yes
11E_budget_burn_monitor_READY.py,11,SCRIPTS,READY,scripts/phase11\module_E,No,Yes
11E_file_folder_cleanup_READY.py,11,SCRIPTS,READY,scripts/phase11\module_E,No,Yes
11F_agent_performance_log_READY.py,11,SCRIPTS,READY,scripts/phase11\module_F,No,Yes
11F_error_pattern_analyzer_READY.py,11,SCRIPTS,READY,scripts/phase11\module_F,No,Yes
11F_redundancy_reducer_READY.py,11,SCRIPTS,READY,scripts/phase11\module_F,No,Yes
11F_retry_dead_job_scanner_READY.py,11,SCRIPTS,READY,scripts/phase11\module_F,No,Yes
11G_full_system_audit_report_READY.py,11,SCRIPTS,READY,scripts/phase11\module_G,No,Yes
11H_dead_api_key_validator_READY.py,11,SCRIPTS,READY,scripts/phase11\module_H,No,Yes
11H_dependency_graph_audit_READY.py,11,SCRIPTS,READY,scripts/phase11\module_H,No,Yes
11H_logging_coverage_analyzer_READY.py,11,SCRIPTS,READY,scripts/phase11\module_H,No,Yes
11H_orphan_file_detector_READY.py,11,SCRIPTS,READY,scripts/phase11\module_H,No,Yes
11H_output_file_validator_READY.py,11,SCRIPTS,READY,scripts/phase11\module_H,No,Yes
11H_retry_logic_tester_READY.py,11,SCRIPTS,READY,scripts/phase11\module_H,No,Yes
11I_ai_decision_watchdog_READY.py,11,SCRIPTS,READY,scripts/phase11\module_I,No,Yes
11I_broken_link_embed_fixer_READY.py,11,SCRIPTS,READY,scripts/phase11\module_I,No,Yes
11I_central_config_migration_READY.py,11,SCRIPTS,READY,scripts/phase11\module_I,No,Yes
11I_cost_overflow_stopper_READY.py,11,SCRIPTS,READY,scripts/phase11\module_I,No,Yes
11I_fallback_agent_builder_READY.py,11,SCRIPTS,READY,scripts/phase11\module_I,No,Yes
11I_modularize_orchestration_READY.py,11,SCRIPTS,READY,scripts/phase11\module_I,No,Yes
11I_rate_limit_guard_READY.py,11,SCRIPTS,READY,scripts/phase11\module_I,No,Yes
11I_regression_test_runner_READY.py,11,SCRIPTS,READY,scripts/phase11\module_I,No,Yes
11I_system_wide_retry_limiter_READY.py,11,SCRIPTS,READY,scripts/phase11\module_I,No,Yes
11J_load_spike_simulator_READY.py,11,SCRIPTS,READY,scripts/phase11\module_J,No,Yes
11J_memory_leak_detector_READY.py,11,SCRIPTS,READY,scripts/phase11\module_J,No,Yes
11J_random_failure_injector_READY.py,11,SCRIPTS,READY,scripts/phase11\module_J,No,Yes
11K_admin_access_checker_READY.py,11,SCRIPTS,READY,scripts/phase11\module_K,No,Yes
11K_config_tamper_detector_READY.py,11,SCRIPTS,READY,scripts/phase11\module_K,No,Yes
11K_directory_write_lock_verifier_READY.py,11,SCRIPTS,READY,scripts/phase11\module_K,No,Yes
11L_output_change_diff_checker_READY.py,11,SCRIPTS,READY,scripts/phase11\module_L,No,Yes
11L_time_stamped_run_archiver_READY.py,11,SCRIPTS,READY,scripts/phase11\module_L,No,Yes
11L_version_drift_detector_READY.py,11,SCRIPTS,READY,scripts/phase11\module_L,No,Yes
11M_api_abuse_detector_READY.py,11,SCRIPTS,READY,scripts/phase11\module_M,No,Yes
11M_input_sanitizer_READY.py,11,SCRIPTS,READY,scripts/phase11\module_M,No,Yes
11M_prompt_injection_tester_READY.py,11,SCRIPTS,READY,scripts/phase11\module_M,No,Yes
11N_approval_gate_for_high_risk_ops_READY.py,11,SCRIPTS,READY,scripts/phase11\module_N,No,Yes
11N_manual_override_toggle_READY.py,11,SCRIPTS,READY,scripts/phase11\module_N,No,Yes
11N_slack_email_alert_system_READY.py,11,SCRIPTS,READY,scripts/phase11\module_N,No,Yes
11O_real_time_log_streamer_READY.py,11,SCRIPTS,READY,scripts/phase11\module_O,No,Yes
11O_telemetry_exporter_READY.py,11,SCRIPTS,READY,scripts/phase11\module_O,No,Yes
11O_unified_log_aggregator_READY.py,11,SCRIPTS,READY,scripts/phase11\module_O,No,Yes
11P_api_terms_compliance_checker_READY.py,11,SCRIPTS,READY,scripts/phase11\module_P,No,Yes
11P_attribution_inserter_READY.py,11,SCRIPTS,READY,scripts/phase11\module_P,No,Yes
11P_license_file_auditor_READY.py,11,SCRIPTS,READY,scripts/phase11\module_P,No,Yes
11Q_dependency_version_pin_checker_READY.py,11,SCRIPTS,READY,scripts/phase11\module_Q,No,Yes
11Q_python_environment_verifier_READY.py,11,SCRIPTS,READY,scripts/phase11\module_Q,No,Yes
11Q_virtualenv_isolation_enforcer_READY.py,11,SCRIPTS,READY,scripts/phase11\module_Q,No,Yes
11R_shadow_run_mode_READY.py,11,SCRIPTS,READY,scripts/phase11\module_R,No,Yes
11R_silent_error_logger_READY.py,11,SCRIPTS,READY,scripts/phase11\module_R,No,Yes
11R_sneak_audit_agent_READY.py,11,SCRIPTS,READY,scripts/phase11\module_R,No,Yes
11S_ai_risk_classifier_READY.py,11,SCRIPTS,READY,scripts/phase11\module_S,No,Yes
11S_mitigation_suggestion_engine_READY.py,11,SCRIPTS,READY,scripts/phase11\module_S,No,Yes
11S_risk_score_dashboard_READY.py,11,SCRIPTS,READY,scripts/phase11\module_S,No,Yes
11T_audit_trail_renderer_READY.py,11,SCRIPTS,READY,scripts/phase11\module_T,No,Yes
11T_decision_chain_visualizer_READY.py,11,SCRIPTS,READY,scripts/phase11\module_T,No,Yes
11T_output_attribution_tracer_READY.py,11,SCRIPTS,READY,scripts/phase11\module_T,No,Yes
11U_agent_voting_system_READY.py,11,SCRIPTS,READY,scripts/phase11\module_U,No,Yes
11U_chain_of_responsibility_resolver_READY.py,11,SCRIPTS,READY,scripts/phase11\module_U,No,Yes
11U_conflict_detector_between_agents_READY.py,11,SCRIPTS,READY,scripts/phase11\module_U,No,Yes
11V_maintece_nudger_READY.py,11,SCRIPTS,READY,scripts/phase11\module_V,No,Yes
11V_output_drift_detector_READY.py,11,SCRIPTS,READY,scripts/phase11\module_V,No,Yes
11V_unused_agent_scanner_READY.py,11,SCRIPTS,READY,scripts/phase11\module_V,No,Yes
11W_ethical_decision_flagger_READY.py,11,SCRIPTS,READY,scripts/phase11\module_W,No,Yes
11W_hallucination_catcher_READY.py,11,SCRIPTS,READY,scripts/phase11\module_W,No,Yes
11W_toxicity_bias_filter_READY.py,11,SCRIPTS,READY,scripts/phase11\module_W,No,Yes
11X_agent_sabotage_replay_detector_READY.py,11,SCRIPTS,READY,scripts/phase11\module_X,No,Yes
11X_llm_jailbreak_resistance_tester_READY.py,11,SCRIPTS,READY,scripts/phase11\module_X,No,Yes
11X_red_team_threat_simulator_READY.py,11,SCRIPTS,READY,scripts/phase11\module_X,No,Yes
11Y_agent_uptime_monitor_READY.py,11,SCRIPTS,READY,scripts/phase11\module_Y,No,Yes
11Y_multi_tier_auto_restarter_READY.py,11,SCRIPTS,READY,scripts/phase11\module_Y,No,Yes
11Y_sla_violation_logger_READY.py,11,SCRIPTS,READY,scripts/phase11\module_Y,No,Yes
11Z_auto_rollback_controller_READY.py,11,SCRIPTS,READY,scripts/phase11\module_Z,No,Yes
11Z_snapshot_creation_diff_engine_READY.py,11,SCRIPTS,READY,scripts/phase11\module_Z,No,Yes
11Z_step_by_step_time_travel_debugger_READY.py,11,SCRIPTS,READY,scripts/phase11\module_Z,No,Yes
