title,score,url
"Lad wrote a Python script to download Alexa voice recordings, he didn't expect this email.",12342,https://i.redd.it/2s0dj8ob12u41.png
This post has:,9237,https://www.reddit.com/r/Python/comments/hoolsm/this_post_has/
I redesign the Python logo to make it more modern,7861,https://i.redd.it/rxezjyf4ojx41.png
Automate the boring stuff with python - tinder,6724,https://gfycat.com/PointlessSimplisticAmericanquarterhorse
"I'm excited to share my first published book, Introduction to Python Programming for Business and Social Science Applications -- specifically geared towards students not specifically in computer science",6509,https://i.redd.it/ebmh8z3c8rm51.png
Drawing Mona Lisa with 256 circles using evolution [Github repo in comments],5720,https://v.redd.it/nyzyx7uyfwz41
I made a simulation using Python in which a neural network learns to race,5694,https://v.redd.it/bgmc6q20ela51
"Thanks to everyone’s advice, my mouse drawing algorithm has gotten much better and faster!",5543,https://v.redd.it/sktc30zom7y41
Debugging Cheat Sheet,5455,https://i.redd.it/p1i8awsivji51.jpg
Just trying to create a orbit system in python and this happened...,5170,https://v.redd.it/8i70ps8doqr31
