Script Name,Status,Error Message
11A_anomaly_log_writer_READY.py,✅ PASS,
11A_automation_flow_breakpoint_map_READY.py,✅ PASS,
11A_error_log_monitor_READY.py,✅ PASS,
11A_file_integrity_checker_READY.py,✅ PASS,
11A_file_watchdog_READY.py,✅ PASS,
11A_missing_module_detector_READY.py,✅ PASS,
11A_placeholder_READY.py,✅ PASS,
11A_script_health_verifier_READY.py,✅ PASS,
11A_watchdog_agent_READY.py,✅ PASS,
11AA_failure_memory_builder_READY.py,✅ PASS,
11AA_risk_adaptive_agent_tuner_READY.py,✅ PASS,
11AA_self_healing_loop_generator_READY.py,✅ PASS,
11AB_agent_identity_vault_READY.py,✅ PASS,
11AB_agent_signature_validator_READY.py,✅ PASS,
11AB_zero_trust_access_policy_engine_READY.py,✅ PASS,
11B_api_key_leak_checker_READY.py,✅ PASS,
11B_credential_vault_manager_READY.py,❌ FAIL,"Traceback (most recent call last):
  File ""D:\MAGIC\scripts\phase11\module_B\11B_credential_vault_manager_READY.py"", line 2, in <module>
    from dotenv import dotenv_values
ModuleNotFoundError: No module named 'dotenv'"
11B_missing_script_READY.py,✅ PASS,
11B_placeholder_READY.py,✅ PASS,
11B_rate_limit_stress_test_READY.py,❌ FAIL,"Command '['python', 'scripts\\phase11\\module_B\\11B_rate_limit_stress_test_READY.py']' timed out after 15 seconds"
11C_manifest_consistency_checker_READY.py,✅ PASS,
11C_script_integrity_checker_READY.py,✅ PASS,
11D_deployment_readiness_auditor_READY.py,✅ PASS,
11D_failpoint_injection_simulator_READY.py,✅ PASS,
11D_orchestration_consistency_check_READY.py,✅ PASS,
11D_placeholder_READY.py,✅ PASS,
11E_api_health_checker_READY.py,✅ PASS,
11E_bottleneck_profiler_READY.py,✅ PASS,
11E_broken_script_detector_READY.py,✅ PASS,
11E_budget_burn_monitor_READY.py,✅ PASS,
11E_file_folder_cleanup_READY.py,✅ PASS,
11E_placeholder_READY.py,✅ PASS,
11F_agent_performance_log_READY.py,✅ PASS,
11F_error_pattern_analyzer_READY.py,✅ PASS,
11F_placeholder_READY.py,✅ PASS,
11F_redundancy_reducer_READY.py,✅ PASS,
11F_retry_dead_job_scanner_READY.py,✅ PASS,
11G_full_system_audit_report_READY.py,✅ PASS,
11G_placeholder_READY.py,✅ PASS,
11H_dead_api_key_validator_READY.py,✅ PASS,
11H_dependency_graph_audit_READY.py,✅ PASS,
11H_logging_coverage_analyzer_READY.py,✅ PASS,
11H_orphan_file_detector_READY.py,✅ PASS,
11H_output_file_validator_READY.py,✅ PASS,
11H_placeholder_READY.py,✅ PASS,
11H_retry_logic_tester_READY.py,✅ PASS,
11I_ai_decision_watchdog_READY.py,✅ PASS,
11I_broken_link_embed_fixer_READY.py,✅ PASS,
11I_central_config_migration_READY.py,✅ PASS,
11I_cost_overflow_stopper_READY.py,✅ PASS,
11I_fallback_agent_builder_READY.py,✅ PASS,
11I_modularize_orchestration_READY.py,✅ PASS,
11I_placeholder_READY.py,✅ PASS,
11I_rate_limit_guard_READY.py,✅ PASS,
11I_regression_test_runner_READY.py,✅ PASS,
11I_system_wide_retry_limiter_READY.py,✅ PASS,
11J_load_spike_simulator_READY.py,✅ PASS,
11J_memory_leak_detector_READY.py,✅ PASS,
11J_placeholder_READY.py,✅ PASS,
11J_random_failure_injector_READY.py,✅ PASS,
11K_admin_access_checker_READY.py,✅ PASS,
11K_config_tamper_detector_READY.py,✅ PASS,
11K_directory_write_lock_verifier_READY.py,✅ PASS,
11K_placeholder_READY.py,✅ PASS,
11L_output_change_diff_checker_READY.py,✅ PASS,
11L_placeholder_READY.py,✅ PASS,
11L_rate_limit_guard_READY.py,✅ PASS,
11L_time_stamped_run_archiver_READY.py,✅ PASS,
11L_version_drift_detector_READY.py,✅ PASS,
11M_api_abuse_detector_READY.py,✅ PASS,
11M_input_sanitizer_READY.py,✅ PASS,
11M_placeholder_READY.py,✅ PASS,
11M_prompt_injection_tester_READY.py,✅ PASS,
11N_approval_gate_for_high_risk_ops_READY.py,✅ PASS,
11N_manual_override_toggle_READY.py,✅ PASS,
11N_placeholder_READY.py,✅ PASS,
11N_slack_email_alert_system_READY.py,✅ PASS,
11O_placeholder_READY.py,✅ PASS,
11O_real_time_log_streamer_READY.py,✅ PASS,
11O_telemetry_exporter_READY.py,✅ PASS,
11O_unified_log_aggregator_READY.py,✅ PASS,
11P_api_terms_compliance_checker_READY.py,✅ PASS,
11P_attribution_inserter_READY.py,✅ PASS,
11P_license_file_auditor_READY.py,✅ PASS,
11P_placeholder_READY.py,✅ PASS,
11Q_dependency_version_pin_checker_READY.py,✅ PASS,
11Q_placeholder_READY.py,✅ PASS,
11Q_python_environment_verifier_READY.py,✅ PASS,
11Q_virtualenv_isolation_enforcer_READY.py,✅ PASS,
11R_placeholder_READY.py,✅ PASS,
11R_shadow_run_mode_READY.py,✅ PASS,
11R_silent_error_logger_READY.py,✅ PASS,
11R_sneak_audit_agent_READY.py,✅ PASS,
11S_ai_risk_classifier_READY.py,✅ PASS,
11S_mitigation_suggestion_engine_READY.py,✅ PASS,
11S_placeholder_READY.py,✅ PASS,
11S_risk_score_dashboard_READY.py,✅ PASS,
11T_audit_trail_renderer_READY.py,✅ PASS,
11T_decision_chain_visualizer_READY.py,✅ PASS,
11T_output_attribution_tracer_READY.py,✅ PASS,
11T_placeholder_READY.py,✅ PASS,
11U_agent_voting_system_READY.py,✅ PASS,
11U_chain_of_responsibility_resolver_READY.py,✅ PASS,
11U_conflict_detector_between_agents_READY.py,✅ PASS,
11U_placeholder_READY.py,✅ PASS,
11V_maintece_nudger_READY.py,✅ PASS,
11V_output_drift_detector_READY.py,✅ PASS,
11V_placeholder_READY.py,✅ PASS,
11V_unused_agent_scanner_READY.py,✅ PASS,
11W_ethical_decision_flagger_READY.py,✅ PASS,
11W_hallucination_catcher_READY.py,✅ PASS,
11W_placeholder_READY.py,✅ PASS,
11W_toxicity_bias_filter_READY.py,✅ PASS,
11X_agent_sabotage_replay_detector_READY.py,✅ PASS,
11X_llm_jailbreak_resistance_tester_READY.py,✅ PASS,
11X_placeholder_READY.py,✅ PASS,
11X_red_team_threat_simulator_READY.py,✅ PASS,
11Y_agent_uptime_monitor_READY.py,✅ PASS,
11Y_multi_tier_auto_restarter_READY.py,✅ PASS,
11Y_placeholder_READY.py,✅ PASS,
11Y_sla_violation_logger_READY.py,✅ PASS,
11Z_auto_rollback_controller_READY.py,✅ PASS,
11Z_placeholder_READY.py,✅ PASS,
11Z_snapshot_creation_diff_engine_READY.py,✅ PASS,
11Z_step_by_step_time_travel_debugger_READY.py,✅ PASS,
phase11_outputs_placeholder_READY.py,✅ PASS,
