"date","keyword","platform","metric"
"2025-07-13","air india crash","youtube_autocomplete","1"
"2025-07-13","air india","youtube_autocomplete","1"
"2025-07-13","air india 171","youtube_autocomplete","1"
"2025-07-13","air india crash update","youtube_autocomplete","1"
"2025-07-13","airrack","youtube_autocomplete","1"
"2025-07-13","ai 171","youtube_autocomplete","1"
"2025-07-13","air india plane crash","youtube_autocomplete","1"
"2025-07-13","ai","youtube_autocomplete","1"
"2025-07-13","aidin zavaree","youtube_autocomplete","1"
"2025-07-13","ai news","youtube_autocomplete","1"
"2025-07-13","ai 171 crash report","youtube_autocomplete","1"
"2025-07-13","airplane","youtube_autocomplete","1"
"2025-07-13","aitch","youtube_autocomplete","1"
"2025-07-13","ai agents","youtube_autocomplete","1"
"2025-07-13","air india crash","youtube_autocomplete","1"
"2025-07-13","air india","youtube_autocomplete","1"
"2025-07-13","air india 171","youtube_autocomplete","1"
"2025-07-13","air india crash update","youtube_autocomplete","1"
"2025-07-13","airrack","youtube_autocomplete","1"
"2025-07-13","ai 171","youtube_autocomplete","1"
"2025-07-13","air india plane crash","youtube_autocomplete","1"
"2025-07-13","ai","youtube_autocomplete","1"
"2025-07-13","aidin zavaree","youtube_autocomplete","1"
"2025-07-13","ai news","youtube_autocomplete","1"
"2025-07-13","ai 171 crash report","youtube_autocomplete","1"
"2025-07-13","airplane","youtube_autocomplete","1"
"2025-07-13","aitch","youtube_autocomplete","1"
"2025-07-13","ai agents","youtube_autocomplete","1"
"2025-07-13","air india crash","youtube_autocomplete","1"
"2025-07-13","air india","youtube_autocomplete","1"
"2025-07-13","air india 171","youtube_autocomplete","1"
"2025-07-13","air india crash update","youtube_autocomplete","1"
"2025-07-13","airrack","youtube_autocomplete","1"
"2025-07-13","ai 171","youtube_autocomplete","1"
"2025-07-13","air india plane crash","youtube_autocomplete","1"
"2025-07-13","ai","youtube_autocomplete","1"
"2025-07-13","aidin zavaree","youtube_autocomplete","1"
"2025-07-13","ai news","youtube_autocomplete","1"
"2025-07-13","ai 171 crash report","youtube_autocomplete","1"
"2025-07-13","airplane","youtube_autocomplete","1"
"2025-07-13","aitch","youtube_autocomplete","1"
"2025-07-13","ai agents","youtube_autocomplete","1"
"2025-07-13","air india crash","youtube_autocomplete","1"
"2025-07-13","air india","youtube_autocomplete","1"
"2025-07-13","air india 171","youtube_autocomplete","1"
"2025-07-13","air india crash update","youtube_autocomplete","1"
"2025-07-13","airrack","youtube_autocomplete","1"
"2025-07-13","ai 171","youtube_autocomplete","1"
"2025-07-13","air india plane crash","youtube_autocomplete","1"
"2025-07-13","ai","youtube_autocomplete","1"
"2025-07-13","aidin zavaree","youtube_autocomplete","1"
"2025-07-13","ai news","youtube_autocomplete","1"
"2025-07-13","ai 171 crash report","youtube_autocomplete","1"
"2025-07-13","airplane","youtube_autocomplete","1"
"2025-07-13","aitch","youtube_autocomplete","1"
"2025-07-13","ai agents","youtube_autocomplete","1"
"2025-07-13","chatgpt","youtube_autocomplete","1"
"2025-07-13","chatgpt pro","youtube_autocomplete","1"
"2025-07-13","chatgpt image generator","youtube_autocomplete","1"
"2025-07-13","chatgpt photo editing","youtube_autocomplete","1"
"2025-07-13","chatgpt operator","youtube_autocomplete","1"
"2025-07-13","chatgpt 5","youtube_autocomplete","1"
"2025-07-13","chatgpt plus","youtube_autocomplete","1"
"2025-07-13","chatgpt deep research","youtube_autocomplete","1"
"2025-07-13","chatgpt tasks","youtube_autocomplete","1"
"2025-07-13","chatgpt vs deepseek","youtube_autocomplete","1"
"2025-07-13","chatgpt plus vs free","youtube_autocomplete","1"
"2025-07-13","chatgpt 4.5","youtube_autocomplete","1"
"2025-07-13","chatgpt language change","youtube_autocomplete","1"
"2025-07-13","chatgpt vs stockfish","youtube_autocomplete","1"
"2025-07-13","chatgpt","youtube_autocomplete","1"
"2025-07-13","chatgpt pro","youtube_autocomplete","1"
"2025-07-13","chatgpt image generator","youtube_autocomplete","1"
"2025-07-13","chatgpt photo editing","youtube_autocomplete","1"
"2025-07-13","chatgpt operator","youtube_autocomplete","1"
"2025-07-13","chatgpt 5","youtube_autocomplete","1"
"2025-07-13","chatgpt plus","youtube_autocomplete","1"
"2025-07-13","chatgpt deep research","youtube_autocomplete","1"
"2025-07-13","chatgpt tasks","youtube_autocomplete","1"
"2025-07-13","chatgpt vs deepseek","youtube_autocomplete","1"
"2025-07-13","chatgpt plus vs free","youtube_autocomplete","1"
"2025-07-13","chatgpt 4.5","youtube_autocomplete","1"
"2025-07-13","chatgpt language change","youtube_autocomplete","1"
"2025-07-13","chatgpt vs stockfish","youtube_autocomplete","1"
"2025-07-13","chatgpt","youtube_autocomplete","1"
"2025-07-13","chatgpt pro","youtube_autocomplete","1"
"2025-07-13","chatgpt image generator","youtube_autocomplete","1"
"2025-07-13","chatgpt photo editing","youtube_autocomplete","1"
"2025-07-13","chatgpt operator","youtube_autocomplete","1"
"2025-07-13","chatgpt 5","youtube_autocomplete","1"
"2025-07-13","chatgpt plus","youtube_autocomplete","1"
"2025-07-13","chatgpt deep research","youtube_autocomplete","1"
"2025-07-13","chatgpt tasks","youtube_autocomplete","1"
"2025-07-13","chatgpt vs deepseek","youtube_autocomplete","1"
"2025-07-13","chatgpt plus vs free","youtube_autocomplete","1"
"2025-07-13","chatgpt 4.5","youtube_autocomplete","1"
"2025-07-13","chatgpt language change","youtube_autocomplete","1"
"2025-07-13","chatgpt vs stockfish","youtube_autocomplete","1"
"2025-07-13","data science","youtube_autocomplete","1"
"2025-07-13","data science full course","youtube_autocomplete","1"
"2025-07-13","data science course","youtube_autocomplete","1"
"2025-07-13","data science project","youtube_autocomplete","1"
"2025-07-13","data science roadmap","youtube_autocomplete","1"
"2025-07-13","data science interview","youtube_autocomplete","1"
"2025-07-13","data science python","youtube_autocomplete","1"
"2025-07-13","data science for beginners","youtube_autocomplete","1"
"2025-07-13","data science vs data analytics","youtube_autocomplete","1"
"2025-07-13","data science 2025","youtube_autocomplete","1"
"2025-07-13","data science podcast","youtube_autocomplete","1"
"2025-07-13","data science interview questions","youtube_autocomplete","1"
"2025-07-13","data science and ai","youtube_autocomplete","1"
"2025-07-13","data science day in the life","youtube_autocomplete","1"
"2025-07-13","data science","youtube_autocomplete","1"
"2025-07-13","data science full course","youtube_autocomplete","1"
"2025-07-13","data science course","youtube_autocomplete","1"
"2025-07-13","data science project","youtube_autocomplete","1"
"2025-07-13","data science roadmap","youtube_autocomplete","1"
"2025-07-13","data science interview","youtube_autocomplete","1"
"2025-07-13","data science python","youtube_autocomplete","1"
"2025-07-13","data science for beginners","youtube_autocomplete","1"
"2025-07-13","data science vs data analytics","youtube_autocomplete","1"
"2025-07-13","data science 2025","youtube_autocomplete","1"
"2025-07-13","data science podcast","youtube_autocomplete","1"
"2025-07-13","data science interview questions","youtube_autocomplete","1"
"2025-07-13","data science and ai","youtube_autocomplete","1"
"2025-07-13","data science day in the life","youtube_autocomplete","1"
"2025-07-13","data science","youtube_autocomplete","1"
"2025-07-13","data science full course","youtube_autocomplete","1"
"2025-07-13","data science course","youtube_autocomplete","1"
"2025-07-13","data science project","youtube_autocomplete","1"
"2025-07-13","data science roadmap","youtube_autocomplete","1"
"2025-07-13","data science interview","youtube_autocomplete","1"
"2025-07-13","data science python","youtube_autocomplete","1"
"2025-07-13","data science for beginners","youtube_autocomplete","1"
"2025-07-13","data science vs data analytics","youtube_autocomplete","1"
"2025-07-13","data science 2025","youtube_autocomplete","1"
"2025-07-13","data science podcast","youtube_autocomplete","1"
"2025-07-13","data science interview questions","youtube_autocomplete","1"
"2025-07-13","data science and ai","youtube_autocomplete","1"
"2025-07-13","data science day in the life","youtube_autocomplete","1"
"2025-07-13","machine learning","youtube_autocomplete","1"
"2025-07-13","machine learning full course","youtube_autocomplete","1"
"2025-07-13","machine learning python","youtube_autocomplete","1"
"2025-07-13","machine learning street talk","youtube_autocomplete","1"
"2025-07-13","machine learning course","youtube_autocomplete","1"
"2025-07-13","machine learning projects","youtube_autocomplete","1"
"2025-07-13","machine learning explained","youtube_autocomplete","1"
"2025-07-13","machine learning for beginners","youtube_autocomplete","1"
"2025-07-13","machine learning basics","youtube_autocomplete","1"
"2025-07-13","machine learning roadmap","youtube_autocomplete","1"
"2025-07-13","machine learning engineer","youtube_autocomplete","1"
"2025-07-13","machine learning tutorial","youtube_autocomplete","1"
"2025-07-13","machine learning models","youtube_autocomplete","1"
"2025-07-13","machine learning playlist","youtube_autocomplete","1"
"2025-07-13","machine learning","youtube_autocomplete","1"
"2025-07-13","machine learning full course","youtube_autocomplete","1"
"2025-07-13","machine learning python","youtube_autocomplete","1"
"2025-07-13","machine learning street talk","youtube_autocomplete","1"
"2025-07-13","machine learning course","youtube_autocomplete","1"
"2025-07-13","machine learning projects","youtube_autocomplete","1"
"2025-07-13","machine learning explained","youtube_autocomplete","1"
"2025-07-13","machine learning for beginners","youtube_autocomplete","1"
"2025-07-13","machine learning basics","youtube_autocomplete","1"
"2025-07-13","machine learning roadmap","youtube_autocomplete","1"
"2025-07-13","machine learning engineer","youtube_autocomplete","1"
"2025-07-13","machine learning tutorial","youtube_autocomplete","1"
"2025-07-13","machine learning models","youtube_autocomplete","1"
"2025-07-13","machine learning playlist","youtube_autocomplete","1"
"2025-07-13","machine learning","youtube_autocomplete","1"
"2025-07-13","machine learning full course","youtube_autocomplete","1"
"2025-07-13","machine learning python","youtube_autocomplete","1"
"2025-07-13","machine learning street talk","youtube_autocomplete","1"
"2025-07-13","machine learning course","youtube_autocomplete","1"
"2025-07-13","machine learning projects","youtube_autocomplete","1"
"2025-07-13","machine learning explained","youtube_autocomplete","1"
"2025-07-13","machine learning for beginners","youtube_autocomplete","1"
"2025-07-13","machine learning basics","youtube_autocomplete","1"
"2025-07-13","machine learning roadmap","youtube_autocomplete","1"
"2025-07-13","machine learning engineer","youtube_autocomplete","1"
"2025-07-13","machine learning tutorial","youtube_autocomplete","1"
"2025-07-13","machine learning models","youtube_autocomplete","1"
"2025-07-13","machine learning playlist","youtube_autocomplete","1"
"2025-07-13","midjourney","youtube_autocomplete","1"
"2025-07-13","midjourney v7","youtube_autocomplete","1"
"2025-07-13","midjourney ai tutorial","youtube_autocomplete","1"
"2025-07-13","midjourney video","youtube_autocomplete","1"
"2025-07-13","midjourney tutorial","youtube_autocomplete","1"
"2025-07-13","midjourney consistent character","youtube_autocomplete","1"
"2025-07-13","midjourney editor","youtube_autocomplete","1"
"2025-07-13","midjourney ai","youtube_autocomplete","1"
"2025-07-13","midjourney product photography","youtube_autocomplete","1"
"2025-07-13","midjourney architecture","youtube_autocomplete","1"
"2025-07-13","midjourney video generator","youtube_autocomplete","1"
"2025-07-13","midjourney moodboard","youtube_autocomplete","1"
"2025-07-13","midjourney retexture","youtube_autocomplete","1"
"2025-07-13","midjourney 2025","youtube_autocomplete","1"
"2025-07-13","midjourney","youtube_autocomplete","1"
"2025-07-13","midjourney v7","youtube_autocomplete","1"
"2025-07-13","midjourney ai tutorial","youtube_autocomplete","1"
"2025-07-13","midjourney video","youtube_autocomplete","1"
"2025-07-13","midjourney tutorial","youtube_autocomplete","1"
"2025-07-13","midjourney consistent character","youtube_autocomplete","1"
"2025-07-13","midjourney editor","youtube_autocomplete","1"
"2025-07-13","midjourney ai","youtube_autocomplete","1"
"2025-07-13","midjourney product photography","youtube_autocomplete","1"
"2025-07-13","midjourney architecture","youtube_autocomplete","1"
"2025-07-13","midjourney video generator","youtube_autocomplete","1"
"2025-07-13","midjourney moodboard","youtube_autocomplete","1"
"2025-07-13","midjourney retexture","youtube_autocomplete","1"
"2025-07-13","midjourney 2025","youtube_autocomplete","1"
"2025-07-13","midjourney","youtube_autocomplete","1"
"2025-07-13","midjourney v7","youtube_autocomplete","1"
"2025-07-13","midjourney ai tutorial","youtube_autocomplete","1"
"2025-07-13","midjourney video","youtube_autocomplete","1"
"2025-07-13","midjourney tutorial","youtube_autocomplete","1"
"2025-07-13","midjourney consistent character","youtube_autocomplete","1"
"2025-07-13","midjourney editor","youtube_autocomplete","1"
"2025-07-13","midjourney ai","youtube_autocomplete","1"
"2025-07-13","midjourney product photography","youtube_autocomplete","1"
"2025-07-13","midjourney architecture","youtube_autocomplete","1"
"2025-07-13","midjourney video generator","youtube_autocomplete","1"
"2025-07-13","midjourney moodboard","youtube_autocomplete","1"
"2025-07-13","midjourney retexture","youtube_autocomplete","1"
"2025-07-13","midjourney 2025","youtube_autocomplete","1"
